Entity,Code,Year,"Average effective age of retirement, men (OECD)"
Argentina,ARG,1982,66.6
Argentina,ARG,1983,66.4
Argentina,ARG,1984,66.2
Argentina,ARG,1985,65.8
Argentina,ARG,1986,66.6
Argentina,ARG,1987,67.3
Argentina,ARG,1988,67.7
Argentina,ARG,1989,67.5
Argentina,ARG,1990,67.3
Argentina,ARG,1991,68.3
Argentina,ARG,1992,69.6
Argentina,ARG,1993,68.4
Argentina,ARG,1994,67.1
Argentina,ARG,1995,67.3
Argentina,ARG,1996,68.1
Argentina,ARG,1997,68.7
Argentina,ARG,1998,69.2
Argentina,ARG,1999,69.6
Argentina,ARG,2000,70.1
Argentina,ARG,2001,70.1
Argentina,ARG,2002,70.2
Argentina,ARG,2003,70.3
Argentina,ARG,2004,69.4
Argentina,ARG,2005,68.6
Argentina,ARG,2006,69
Argentina,ARG,2007,68.8
Argentina,ARG,2008,69.6
Argentina,ARG,2009,67.9
Argentina,ARG,2010,68.2
Argentina,ARG,2011,68.7
Argentina,ARG,2012,68.7
Argentina,ARG,2013,67.5
Argentina,ARG,2014,67.1
Argentina,ARG,2015,67.1
Argentina,ARG,2016,67.3
Argentina,ARG,2017,66.5
Argentina,ARG,2018,66.6
Australia,AUS,1970,67.4
Australia,AUS,1971,67.1
Australia,AUS,1972,67.2
Australia,AUS,1973,66.1
Australia,AUS,1974,66.1
Australia,AUS,1975,65.7
Australia,AUS,1976,65.5
Australia,AUS,1977,65.6
Australia,AUS,1978,65.2
Australia,AUS,1979,64.5
Australia,AUS,1980,64.1
Australia,AUS,1981,63.6
Australia,AUS,1982,63.3
Australia,AUS,1983,63.4
Australia,AUS,1984,62.9
Australia,AUS,1985,62.5
Australia,AUS,1986,62.8
Australia,AUS,1987,62.3
Australia,AUS,1988,61.6
Australia,AUS,1989,62.1
Australia,AUS,1990,62.5
Australia,AUS,1991,62.3
Australia,AUS,1992,62.4
Australia,AUS,1993,62.8
Australia,AUS,1994,62.6
Australia,AUS,1995,62.3
Australia,AUS,1996,62.1
Australia,AUS,1997,61.9
Australia,AUS,1998,61.5
Australia,AUS,1999,62.2
Australia,AUS,2000,62
Australia,AUS,2001,62.1
Australia,AUS,2002,63
Australia,AUS,2003,63.1
Australia,AUS,2004,62.8
Australia,AUS,2005,63.7
Australia,AUS,2006,63.9
Australia,AUS,2007,64
Australia,AUS,2008,63.7
Australia,AUS,2009,64.4
Australia,AUS,2010,64.5
Australia,AUS,2011,64.9
Australia,AUS,2012,64.8
Australia,AUS,2013,65.4
Australia,AUS,2014,65
Australia,AUS,2015,65.4
Australia,AUS,2016,65.2
Australia,AUS,2017,65.6
Australia,AUS,2018,65.3
Austria,AUT,1970,66.8
Austria,AUT,1971,66.5
Austria,AUT,1972,65.8
Austria,AUT,1973,65.9
Austria,AUT,1974,66
Austria,AUT,1975,66.4
Austria,AUT,1976,66.3
Austria,AUT,1977,65.9
Austria,AUT,1978,65.4
Austria,AUT,1979,65.2
Austria,AUT,1980,64.8
Austria,AUT,1981,63.8
Austria,AUT,1982,63.4
Austria,AUT,1983,63.3
Austria,AUT,1984,63.2
Austria,AUT,1985,62.5
Austria,AUT,1986,62.2
Austria,AUT,1987,62.4
Austria,AUT,1988,62.5
Austria,AUT,1989,62.6
Austria,AUT,1990,62.7
Austria,AUT,1991,62.5
Austria,AUT,1992,62.1
Austria,AUT,1993,61.9
Austria,AUT,1994,61.6
Austria,AUT,1995,60.9
Austria,AUT,1996,60.8
Austria,AUT,1997,60.8
Austria,AUT,1998,61
Austria,AUT,1999,61
Austria,AUT,2000,60.3
Austria,AUT,2001,59.5
Austria,AUT,2002,59.9
Austria,AUT,2003,60.2
Austria,AUT,2004,58.8
Austria,AUT,2005,58.6
Austria,AUT,2006,59.1
Austria,AUT,2007,58.4
Austria,AUT,2008,57.9
Austria,AUT,2009,58.7
Austria,AUT,2010,59.7
Austria,AUT,2011,60.1
Austria,AUT,2012,61.7
Austria,AUT,2013,61.9
Austria,AUT,2014,62.2
Austria,AUT,2015,61.8
Austria,AUT,2016,62
Austria,AUT,2017,63
Austria,AUT,2018,63.5
Belgium,BEL,1970,64.1
Belgium,BEL,1971,64.2
Belgium,BEL,1972,64.2
Belgium,BEL,1973,64.2
Belgium,BEL,1974,64.2
Belgium,BEL,1975,64.2
Belgium,BEL,1976,63.6
Belgium,BEL,1977,63.2
Belgium,BEL,1978,62.5
Belgium,BEL,1979,62
Belgium,BEL,1980,61.5
Belgium,BEL,1981,61.1
Belgium,BEL,1982,61
Belgium,BEL,1983,61
Belgium,BEL,1984,60.7
Belgium,BEL,1985,60.6
Belgium,BEL,1986,60.1
Belgium,BEL,1987,59.4
Belgium,BEL,1988,58.8
Belgium,BEL,1989,58.7
Belgium,BEL,1990,58.5
Belgium,BEL,1991,58.8
Belgium,BEL,1992,58
Belgium,BEL,1993,57.9
Belgium,BEL,1994,58
Belgium,BEL,1995,58.3
Belgium,BEL,1996,57.9
Belgium,BEL,1997,58.5
Belgium,BEL,1998,58.5
Belgium,BEL,1999,58.1
Belgium,BEL,2000,58.5
Belgium,BEL,2001,58.5
Belgium,BEL,2002,58.5
Belgium,BEL,2003,57.6
Belgium,BEL,2004,58.6
Belgium,BEL,2005,58.7
Belgium,BEL,2006,59
Belgium,BEL,2007,59.6
Belgium,BEL,2008,59.9
Belgium,BEL,2009,59.5
Belgium,BEL,2010,60.6
Belgium,BEL,2011,59.6
Belgium,BEL,2012,59.6
Belgium,BEL,2013,59.8
Belgium,BEL,2014,59.9
Belgium,BEL,2015,60.1
Belgium,BEL,2016,61.3
Belgium,BEL,2017,61.7
Belgium,BEL,2018,61.6
Brazil,BRA,1970,72.1
Brazil,BRA,1971,71.8
Brazil,BRA,1972,71.5
Brazil,BRA,1973,71.3
Brazil,BRA,1974,71
Brazil,BRA,1975,70.7
Brazil,BRA,1976,70.5
Brazil,BRA,1977,70.3
Brazil,BRA,1978,70.1
Brazil,BRA,1979,69.9
Brazil,BRA,1980,69.7
Brazil,BRA,1981,69.5
Brazil,BRA,1982,69.3
Brazil,BRA,1983,69.1
Brazil,BRA,1984,68.9
Brazil,BRA,1985,68.7
Brazil,BRA,1986,68.5
Brazil,BRA,1987,69.4
Brazil,BRA,1988,69.4
Brazil,BRA,1989,68.5
Brazil,BRA,1990,68.8
Brazil,BRA,1991,68.4
Brazil,BRA,1992,68
Brazil,BRA,1993,67.9
Brazil,BRA,1994,68
Brazil,BRA,1995,68.1
Brazil,BRA,1996,67.4
Brazil,BRA,1997,67.3
Brazil,BRA,1998,66.9
Brazil,BRA,1999,66.8
Brazil,BRA,2000,66.7
Brazil,BRA,2001,66.8
Brazil,BRA,2002,67.3
Brazil,BRA,2003,67.5
Brazil,BRA,2004,68.1
Brazil,BRA,2005,67.6
Brazil,BRA,2006,67.4
Brazil,BRA,2007,67.5
Brazil,BRA,2008,68.2
Brazil,BRA,2009,67.7
Brazil,BRA,2010,68.3
Brazil,BRA,2011,68.4
Brazil,BRA,2012,67.4
Brazil,BRA,2013,67.6
Brazil,BRA,2014,67.1
Brazil,BRA,2015,67.2
Brazil,BRA,2016,67.7
Brazil,BRA,2017,66.6
Brazil,BRA,2018,66.6
Bulgaria,BGR,1970,66.5
Bulgaria,BGR,1971,66.2
Bulgaria,BGR,1972,65.8
Bulgaria,BGR,1973,65.5
Bulgaria,BGR,1974,65.1
Bulgaria,BGR,1975,64.8
Bulgaria,BGR,1976,64.4
Bulgaria,BGR,1977,63.9
Bulgaria,BGR,1978,63.5
Bulgaria,BGR,1979,63
Bulgaria,BGR,1980,62.4
Bulgaria,BGR,1981,62.5
Bulgaria,BGR,1982,62.5
Bulgaria,BGR,1983,62.5
Bulgaria,BGR,1984,62.6
Bulgaria,BGR,1985,62.6
Bulgaria,BGR,1986,62.6
Bulgaria,BGR,1987,62.5
Bulgaria,BGR,1988,62.5
Bulgaria,BGR,1989,62.4
Bulgaria,BGR,1990,62.4
Bulgaria,BGR,1991,61.8
Bulgaria,BGR,1992,61.1
Bulgaria,BGR,1993,60.5
Bulgaria,BGR,1994,59.9
Bulgaria,BGR,1995,59.3
Bulgaria,BGR,1996,58.6
Bulgaria,BGR,1997,58
Bulgaria,BGR,1998,58.1
Bulgaria,BGR,1999,58.1
Bulgaria,BGR,2000,58.2
Bulgaria,BGR,2001,58.1
Bulgaria,BGR,2002,57.7
Bulgaria,BGR,2003,57
Bulgaria,BGR,2004,57.6
Bulgaria,BGR,2005,58.9
Bulgaria,BGR,2006,59.8
Bulgaria,BGR,2007,62.7
Bulgaria,BGR,2008,65.7
Bulgaria,BGR,2009,64.4
Bulgaria,BGR,2010,62.9
Bulgaria,BGR,2011,61.9
Bulgaria,BGR,2012,61
Bulgaria,BGR,2013,61.7
Bulgaria,BGR,2014,61.8
Bulgaria,BGR,2015,62.5
Bulgaria,BGR,2016,63.1
Bulgaria,BGR,2017,64.1
Bulgaria,BGR,2018,64.7
Canada,CAN,1970,66
Canada,CAN,1971,65.9
Canada,CAN,1972,65.8
Canada,CAN,1973,65.7
Canada,CAN,1974,65.6
Canada,CAN,1975,65.5
Canada,CAN,1976,65.4
Canada,CAN,1977,65.2
Canada,CAN,1978,65.2
Canada,CAN,1979,65.1
Canada,CAN,1980,65.1
Canada,CAN,1981,65
Canada,CAN,1982,64.5
Canada,CAN,1983,64.5
Canada,CAN,1984,64
Canada,CAN,1985,63.7
Canada,CAN,1986,63.6
Canada,CAN,1987,63.9
Canada,CAN,1988,63.5
Canada,CAN,1989,63.7
Canada,CAN,1990,63.2
Canada,CAN,1991,62.8
Canada,CAN,1992,62.5
Canada,CAN,1993,62.3
Canada,CAN,1994,62.2
Canada,CAN,1995,62.6
Canada,CAN,1996,62.5
Canada,CAN,1997,62.5
Canada,CAN,1998,62.2
Canada,CAN,1999,62.9
Canada,CAN,2000,62.7
Canada,CAN,2001,62.9
Canada,CAN,2002,63.2
Canada,CAN,2003,63.8
Canada,CAN,2004,63.3
Canada,CAN,2005,63.5
Canada,CAN,2006,63.3
Canada,CAN,2007,63.3
Canada,CAN,2008,63.6
Canada,CAN,2009,63.4
Canada,CAN,2010,63.4
Canada,CAN,2011,64
Canada,CAN,2012,63.9
Canada,CAN,2013,63.9
Canada,CAN,2014,64.6
Canada,CAN,2015,65.1
Canada,CAN,2016,66
Canada,CAN,2017,66
Canada,CAN,2018,65.5
Chile,CHL,1970,70.8
Chile,CHL,1971,70.9
Chile,CHL,1972,71
Chile,CHL,1973,71
Chile,CHL,1974,71
Chile,CHL,1975,71
Chile,CHL,1976,70.6
Chile,CHL,1977,70.2
Chile,CHL,1978,69.9
Chile,CHL,1979,69.6
Chile,CHL,1980,69.2
Chile,CHL,1981,68.3
Chile,CHL,1982,66.7
Chile,CHL,1983,66.9
Chile,CHL,1984,67
Chile,CHL,1985,68.4
Chile,CHL,1986,68
Chile,CHL,1987,70.7
Chile,CHL,1988,70
Chile,CHL,1989,70.5
Chile,CHL,1990,67.5
Chile,CHL,1991,68.1
Chile,CHL,1992,68.4
Chile,CHL,1993,68.5
Chile,CHL,1994,68.5
Chile,CHL,1995,68.3
Chile,CHL,1996,67.9
Chile,CHL,1997,69.1
Chile,CHL,1998,69.8
Chile,CHL,1999,70.3
Chile,CHL,2000,69.9
Chile,CHL,2001,68.9
Chile,CHL,2002,68.7
Chile,CHL,2003,68
Chile,CHL,2004,67.6
Chile,CHL,2005,67.9
Chile,CHL,2006,68.3
Chile,CHL,2007,68.6
Chile,CHL,2008,69.5
Chile,CHL,2009,69.3
Chile,CHL,2010,69.1
Chile,CHL,2011,69.2
Chile,CHL,2012,69.8
Chile,CHL,2013,69.2
Chile,CHL,2014,69.7
Chile,CHL,2015,70.9
Chile,CHL,2016,70.7
Chile,CHL,2017,70.2
Chile,CHL,2018,70
China,CHN,1987,66.7
China,CHN,1988,66.7
China,CHN,1989,66.8
China,CHN,1990,66.9
China,CHN,1991,66.8
China,CHN,1992,66.7
China,CHN,1993,66.6
China,CHN,1994,66.6
China,CHN,1995,66.5
China,CHN,1996,66.5
China,CHN,1997,66.5
China,CHN,1998,66.5
China,CHN,1999,66.5
China,CHN,2000,66.5
China,CHN,2001,66.6
China,CHN,2002,66.8
China,CHN,2003,66.9
China,CHN,2004,67
China,CHN,2005,67.1
China,CHN,2006,67.1
China,CHN,2007,67
China,CHN,2008,66.9
China,CHN,2009,66.9
China,CHN,2010,66.8
Croatia,HRV,1995,61.4
Croatia,HRV,1996,61.2
Croatia,HRV,1997,61
Croatia,HRV,1998,60.8
Croatia,HRV,1999,61.1
Croatia,HRV,2000,61.3
Croatia,HRV,2001,61.5
Croatia,HRV,2002,61.7
Croatia,HRV,2003,62.6
Croatia,HRV,2004,62.8
Croatia,HRV,2005,61.8
Croatia,HRV,2006,61.3
Croatia,HRV,2007,62.5
Croatia,HRV,2008,61.5
Croatia,HRV,2009,60.2
Croatia,HRV,2010,61.3
Croatia,HRV,2011,61.2
Croatia,HRV,2012,60.2
Croatia,HRV,2013,60.8
Croatia,HRV,2014,62.8
Croatia,HRV,2015,62.8
Croatia,HRV,2016,62.2
Croatia,HRV,2017,63.2
Croatia,HRV,2018,61.7
Cyprus,CYP,1981,69.4
Cyprus,CYP,1982,69.5
Cyprus,CYP,1983,69.6
Cyprus,CYP,1984,69.8
Cyprus,CYP,1985,69.9
Cyprus,CYP,1986,70.1
Cyprus,CYP,1987,70.2
Cyprus,CYP,1988,70.4
Cyprus,CYP,1989,69.5
Cyprus,CYP,1990,69.4
Cyprus,CYP,1991,69.5
Cyprus,CYP,1992,66.1
Cyprus,CYP,1993,66.4
Cyprus,CYP,1994,65.6
Cyprus,CYP,1995,66.7
Cyprus,CYP,1996,67.6
Cyprus,CYP,1997,67.8
Cyprus,CYP,1998,66.4
Cyprus,CYP,1999,64.6
Cyprus,CYP,2000,63.9
Cyprus,CYP,2001,64
Cyprus,CYP,2002,63.8
Cyprus,CYP,2003,65.2
Cyprus,CYP,2004,66.1
Cyprus,CYP,2005,66
Cyprus,CYP,2006,66.9
Cyprus,CYP,2007,67.9
Cyprus,CYP,2008,67.2
Cyprus,CYP,2009,67
Cyprus,CYP,2010,66.5
Cyprus,CYP,2011,65.3
Cyprus,CYP,2012,64.9
Cyprus,CYP,2013,66.4
Cyprus,CYP,2014,65.7
Cyprus,CYP,2015,66.3
Cyprus,CYP,2016,66.6
Cyprus,CYP,2017,65.5
Cyprus,CYP,2018,64.9
Czechia,CZE,1996,62
Czechia,CZE,1997,62.1
Czechia,CZE,1998,62.1
Czechia,CZE,1999,62.1
Czechia,CZE,2000,61.6
Czechia,CZE,2001,61.9
Czechia,CZE,2002,61.9
Czechia,CZE,2003,61.8
Czechia,CZE,2004,61.4
Czechia,CZE,2005,61.5
Czechia,CZE,2006,61.6
Czechia,CZE,2007,62.1
Czechia,CZE,2008,62.6
Czechia,CZE,2009,62
Czechia,CZE,2010,62.3
Czechia,CZE,2011,62.6
Czechia,CZE,2012,63.1
Czechia,CZE,2013,63.4
Czechia,CZE,2014,63.3
Czechia,CZE,2015,63.1
Czechia,CZE,2016,62.5
Czechia,CZE,2017,62.7
Czechia,CZE,2018,63.2
Denmark,DNK,1970,68.3
Denmark,DNK,1971,67.8
Denmark,DNK,1972,67.4
Denmark,DNK,1973,66.9
Denmark,DNK,1974,66.4
Denmark,DNK,1975,65.9
Denmark,DNK,1976,65.9
Denmark,DNK,1977,65.8
Denmark,DNK,1978,65.7
Denmark,DNK,1979,65.5
Denmark,DNK,1980,65.5
Denmark,DNK,1981,65.4
Denmark,DNK,1982,66
Denmark,DNK,1983,66.1
Denmark,DNK,1984,65.6
Denmark,DNK,1985,65.9
Denmark,DNK,1986,66.5
Denmark,DNK,1987,64.8
Denmark,DNK,1988,64.5
Denmark,DNK,1989,65.7
Denmark,DNK,1990,65.4
Denmark,DNK,1991,65.1
Denmark,DNK,1992,64.2
Denmark,DNK,1993,63.2
Denmark,DNK,1994,62.4
Denmark,DNK,1995,62.9
Denmark,DNK,1996,62.7
Denmark,DNK,1997,63.1
Denmark,DNK,1998,62.7
Denmark,DNK,1999,63.1
Denmark,DNK,2000,63.4
Denmark,DNK,2001,62.9
Denmark,DNK,2002,62.4
Denmark,DNK,2003,63.9
Denmark,DNK,2004,63.4
Denmark,DNK,2005,63.2
Denmark,DNK,2006,63.9
Denmark,DNK,2007,63.4
Denmark,DNK,2008,64
Denmark,DNK,2009,64.6
Denmark,DNK,2010,64
Denmark,DNK,2011,63.6
Denmark,DNK,2012,63.3
Denmark,DNK,2013,62.5
Denmark,DNK,2014,63
Denmark,DNK,2015,63.6
Denmark,DNK,2016,63.6
Denmark,DNK,2017,64.6
Denmark,DNK,2018,65.1
Estonia,EST,1970,68.1
Estonia,EST,1971,67.8
Estonia,EST,1972,67.4
Estonia,EST,1973,66.9
Estonia,EST,1974,66.4
Estonia,EST,1975,65.8
Estonia,EST,1976,65.8
Estonia,EST,1977,65.7
Estonia,EST,1978,65.6
Estonia,EST,1979,65.5
Estonia,EST,1980,65.5
Estonia,EST,1981,65.5
Estonia,EST,1982,65.5
Estonia,EST,1983,65.5
Estonia,EST,1984,65.5
Estonia,EST,1985,65.8
Estonia,EST,1986,66.1
Estonia,EST,1987,66.4
Estonia,EST,1988,66.8
Estonia,EST,1989,67.1
Estonia,EST,1990,67.3
Estonia,EST,1991,67
Estonia,EST,1992,66.1
Estonia,EST,1993,65.8
Estonia,EST,1994,65.9
Estonia,EST,1995,65.3
Estonia,EST,1996,65
Estonia,EST,1997,65
Estonia,EST,1998,63.9
Estonia,EST,1999,63.6
Estonia,EST,2000,60
Estonia,EST,2001,61.5
Estonia,EST,2002,61.7
Estonia,EST,2003,60.4
Estonia,EST,2004,59.6
Estonia,EST,2005,62.4
Estonia,EST,2006,63.8
Estonia,EST,2007,64.4
Estonia,EST,2008,66.3
Estonia,EST,2009,68
Estonia,EST,2010,65.6
Estonia,EST,2011,64.5
Estonia,EST,2012,63.5
Estonia,EST,2013,64.3
Estonia,EST,2014,63.7
Estonia,EST,2015,63.6
Estonia,EST,2016,64.8
Estonia,EST,2017,65.8
Estonia,EST,2018,65.5
Europe average,,1970,68.4
Europe average,,1971,68
Europe average,,1972,67.6
Europe average,,1973,67.3
Europe average,,1974,66.9
Europe average,,1975,66.6
Europe average,,1976,66.3
Europe average,,1977,66
Europe average,,1978,65.6
Europe average,,1979,65.3
Europe average,,1980,65.1
Europe average,,1981,64.7
Europe average,,1982,64.4
Europe average,,1983,64.2
Europe average,,1984,63.9
Europe average,,1985,63.8
Europe average,,1986,63.6
Europe average,,1987,63.4
Europe average,,1988,63.2
Europe average,,1989,63.2
Europe average,,1990,63.2
Europe average,,1991,62.9
Europe average,,1992,62.4
Europe average,,1993,62.2
Europe average,,1994,62
Europe average,,1995,61.7
Europe average,,1996,61.5
Europe average,,1997,61.5
Europe average,,1998,61.5
Europe average,,1999,61.5
Europe average,,2000,61.5
Europe average,,2001,61.4
Europe average,,2002,61.5
Europe average,,2003,61.6
Europe average,,2004,61.6
Europe average,,2005,61.9
Europe average,,2006,62
Europe average,,2007,62.4
Europe average,,2008,62.6
Europe average,,2009,62.5
Europe average,,2010,62.5
Europe average,,2011,62.4
Europe average,,2012,62.6
Europe average,,2013,62.8
Europe average,,2014,62.9
Europe average,,2015,63
Europe average,,2016,63.3
Europe average,,2017,63.6
Europe average,,2018,64
Finland,FIN,1970,65.9
Finland,FIN,1971,65.6
Finland,FIN,1972,65.8
Finland,FIN,1973,65.7
Finland,FIN,1974,65.9
Finland,FIN,1975,66.5
Finland,FIN,1976,65.3
Finland,FIN,1977,65.8
Finland,FIN,1978,66.1
Finland,FIN,1979,66.1
Finland,FIN,1980,65.9
Finland,FIN,1981,66.4
Finland,FIN,1982,64.9
Finland,FIN,1983,63.3
Finland,FIN,1984,63.6
Finland,FIN,1985,63
Finland,FIN,1986,62.6
Finland,FIN,1987,62.2
Finland,FIN,1988,61.9
Finland,FIN,1989,61
Finland,FIN,1990,61.3
Finland,FIN,1991,60.7
Finland,FIN,1992,60.9
Finland,FIN,1993,60.5
Finland,FIN,1994,61
Finland,FIN,1995,60.6
Finland,FIN,1996,61
Finland,FIN,1997,59.9
Finland,FIN,1998,60.1
Finland,FIN,1999,59.6
Finland,FIN,2000,60.2
Finland,FIN,2001,60.7
Finland,FIN,2002,60.8
Finland,FIN,2003,59.8
Finland,FIN,2004,59.9
Finland,FIN,2005,60.5
Finland,FIN,2006,60.3
Finland,FIN,2007,60.1
Finland,FIN,2008,61.5
Finland,FIN,2009,61.7
Finland,FIN,2010,61.7
Finland,FIN,2011,62.3
Finland,FIN,2012,62.9
Finland,FIN,2013,62.5
Finland,FIN,2014,61.9
Finland,FIN,2015,62.5
Finland,FIN,2016,63.2
Finland,FIN,2017,63.8
Finland,FIN,2018,64.3
France,FRA,1970,67.9
France,FRA,1971,67.4
France,FRA,1972,66.9
France,FRA,1973,66.3
France,FRA,1974,65.9
France,FRA,1975,65.3
France,FRA,1976,64.6
France,FRA,1977,64.5
France,FRA,1978,63.7
France,FRA,1979,63.7
France,FRA,1980,63.6
France,FRA,1981,63.2
France,FRA,1982,62.4
France,FRA,1983,61.9
France,FRA,1984,61.2
France,FRA,1985,61.2
France,FRA,1986,60.9
France,FRA,1987,60.6
France,FRA,1988,60.3
France,FRA,1989,60.4
France,FRA,1990,60.4
France,FRA,1991,60.1
France,FRA,1992,60.1
France,FRA,1993,59.8
France,FRA,1994,59.9
France,FRA,1995,59.6
France,FRA,1996,59.6
France,FRA,1997,59.6
France,FRA,1998,59.5
France,FRA,1999,59.3
France,FRA,2000,59
France,FRA,2001,59
France,FRA,2002,58.8
France,FRA,2003,58.9
France,FRA,2004,58.9
France,FRA,2005,58.8
France,FRA,2006,58.7
France,FRA,2007,58.9
France,FRA,2008,59.1
France,FRA,2009,59
France,FRA,2010,59.3
France,FRA,2011,59
France,FRA,2012,59.7
France,FRA,2013,59.6
France,FRA,2014,59.4
France,FRA,2015,59.5
France,FRA,2016,60
France,FRA,2017,60.5
France,FRA,2018,60.8
Germany,DEU,1970,66.5
Germany,DEU,1971,65.8
Germany,DEU,1972,65.4
Germany,DEU,1973,65.3
Germany,DEU,1974,65
Germany,DEU,1975,64.8
Germany,DEU,1976,64.8
Germany,DEU,1977,64.4
Germany,DEU,1978,63.9
Germany,DEU,1979,63.5
Germany,DEU,1980,63.1
Germany,DEU,1981,63
Germany,DEU,1982,62.8
Germany,DEU,1983,62.5
Germany,DEU,1984,62.6
Germany,DEU,1985,62.4
Germany,DEU,1986,62.1
Germany,DEU,1987,61.5
Germany,DEU,1988,61
Germany,DEU,1989,61.4
Germany,DEU,1990,62.2
Germany,DEU,1991,61.7
Germany,DEU,1992,61.9
Germany,DEU,1993,61.9
Germany,DEU,1994,61.2
Germany,DEU,1995,60.5
Germany,DEU,1996,60.3
Germany,DEU,1997,60.6
Germany,DEU,1998,61
Germany,DEU,1999,60.9
Germany,DEU,2000,61
Germany,DEU,2001,61.2
Germany,DEU,2002,61
Germany,DEU,2003,61.1
Germany,DEU,2004,61.3
Germany,DEU,2005,61.8
Germany,DEU,2006,61.8
Germany,DEU,2007,62
Germany,DEU,2008,61.1
Germany,DEU,2009,61.8
Germany,DEU,2010,62
Germany,DEU,2011,62
Germany,DEU,2012,62.1
Germany,DEU,2013,62.4
Germany,DEU,2014,62.7
Germany,DEU,2015,62.8
Germany,DEU,2016,63.3
Germany,DEU,2017,63.6
Germany,DEU,2018,64
Greece,GRC,1970,67.3
Greece,GRC,1971,67.1
Greece,GRC,1972,67
Greece,GRC,1973,66.8
Greece,GRC,1974,66.7
Greece,GRC,1975,66.5
Greece,GRC,1976,66.4
Greece,GRC,1977,66.3
Greece,GRC,1978,66.1
Greece,GRC,1979,66
Greece,GRC,1980,65.9
Greece,GRC,1981,65.8
Greece,GRC,1982,65.7
Greece,GRC,1983,65.5
Greece,GRC,1984,65.3
Greece,GRC,1985,65.2
Greece,GRC,1986,64.7
Greece,GRC,1987,64.5
Greece,GRC,1988,64.5
Greece,GRC,1989,64.4
Greece,GRC,1990,63.7
Greece,GRC,1991,63.7
Greece,GRC,1992,63.5
Greece,GRC,1993,63.7
Greece,GRC,1994,63
Greece,GRC,1995,63.2
Greece,GRC,1996,63.4
Greece,GRC,1997,63.8
Greece,GRC,1998,62.6
Greece,GRC,1999,62.8
Greece,GRC,2000,63.2
Greece,GRC,2001,63.1
Greece,GRC,2002,62.5
Greece,GRC,2003,63.1
Greece,GRC,2004,62.6
Greece,GRC,2005,62.4
Greece,GRC,2006,62.1
Greece,GRC,2007,62.5
Greece,GRC,2008,62.1
Greece,GRC,2009,61.9
Greece,GRC,2010,61.9
Greece,GRC,2011,61.8
Greece,GRC,2012,61.9
Greece,GRC,2013,62
Greece,GRC,2014,61.6
Greece,GRC,2015,61.8
Greece,GRC,2016,62
Greece,GRC,2017,61.5
Greece,GRC,2018,61.7
Hungary,HUN,1970,69.3
Hungary,HUN,1971,68.7
Hungary,HUN,1972,68.1
Hungary,HUN,1973,67.5
Hungary,HUN,1974,66.9
Hungary,HUN,1975,66.3
Hungary,HUN,1976,66.1
Hungary,HUN,1977,65.9
Hungary,HUN,1978,65.6
Hungary,HUN,1979,65.4
Hungary,HUN,1980,65.2
Hungary,HUN,1981,65
Hungary,HUN,1982,64.8
Hungary,HUN,1983,64.6
Hungary,HUN,1984,64.5
Hungary,HUN,1985,64.3
Hungary,HUN,1986,64.1
Hungary,HUN,1987,63.8
Hungary,HUN,1988,63.6
Hungary,HUN,1989,63.4
Hungary,HUN,1990,63.2
Hungary,HUN,1991,62.9
Hungary,HUN,1992,62.6
Hungary,HUN,1993,62
Hungary,HUN,1994,61.8
Hungary,HUN,1995,61.7
Hungary,HUN,1996,60.4
Hungary,HUN,1997,59.2
Hungary,HUN,1998,58.5
Hungary,HUN,1999,58.5
Hungary,HUN,2000,58.3
Hungary,HUN,2001,57.8
Hungary,HUN,2002,57.8
Hungary,HUN,2003,58.8
Hungary,HUN,2004,57.8
Hungary,HUN,2005,58.9
Hungary,HUN,2006,59.6
Hungary,HUN,2007,59.7
Hungary,HUN,2008,59.5
Hungary,HUN,2009,59.9
Hungary,HUN,2010,60.1
Hungary,HUN,2011,60.3
Hungary,HUN,2012,60.7
Hungary,HUN,2013,61.3
Hungary,HUN,2014,62.6
Hungary,HUN,2015,63
Hungary,HUN,2016,63.6
Hungary,HUN,2017,63.3
Hungary,HUN,2018,63.4
Iceland,ISL,1980,70
Iceland,ISL,1981,70.1
Iceland,ISL,1982,70.1
Iceland,ISL,1983,70.5
Iceland,ISL,1984,70.6
Iceland,ISL,1985,70.7
Iceland,ISL,1986,70.8
Iceland,ISL,1987,71.2
Iceland,ISL,1988,71.1
Iceland,ISL,1989,71.3
Iceland,ISL,1990,71.4
Iceland,ISL,1991,71.7
Iceland,ISL,1992,71
Iceland,ISL,1993,71
Iceland,ISL,1994,70.6
Iceland,ISL,1995,70.5
Iceland,ISL,1996,70.9
Iceland,ISL,1997,71.2
Iceland,ISL,1998,70.5
Iceland,ISL,1999,70.3
Iceland,ISL,2000,70.3
Iceland,ISL,2001,69.3
Iceland,ISL,2002,69
Iceland,ISL,2003,68.6
Iceland,ISL,2004,67.9
Iceland,ISL,2005,68.9
Iceland,ISL,2006,69.2
Iceland,ISL,2007,69.5
Iceland,ISL,2008,69.1
Iceland,ISL,2009,69.7
Iceland,ISL,2010,68.4
Iceland,ISL,2011,68.2
Iceland,ISL,2012,68.2
Iceland,ISL,2013,68.9
Iceland,ISL,2014,69.4
Iceland,ISL,2015,70.1
Iceland,ISL,2016,69.7
Iceland,ISL,2017,69.8
Iceland,ISL,2018,68.1
India,IND,1988,73.3
India,IND,1989,73.3
India,IND,1990,73.4
India,IND,1991,73.4
India,IND,1992,73.4
India,IND,1993,73.5
India,IND,1994,73.5
India,IND,1995,74.1
India,IND,1996,74.5
India,IND,1997,73.5
India,IND,1998,73.6
India,IND,1999,72.4
India,IND,2000,72
India,IND,2001,72.3
India,IND,2002,72.2
India,IND,2003,71.7
India,IND,2004,70.7
India,IND,2005,71.4
India,IND,2006,72.1
India,IND,2007,71.8
India,IND,2008,72.7
India,IND,2009,73.1
India,IND,2010,72.4
India,IND,2011,71.2
India,IND,2012,71.1
India,IND,2013,70.9
India,IND,2014,70.3
India,IND,2015,69.7
India,IND,2016,69.9
India,IND,2017,70.1
India,IND,2018,69.8
Indonesia,IDN,1987,75
Indonesia,IDN,1988,75.2
Indonesia,IDN,1989,74.6
Indonesia,IDN,1990,74.5
Indonesia,IDN,1991,74.4
Indonesia,IDN,1992,74.1
Indonesia,IDN,1993,74
Indonesia,IDN,1994,74.3
Indonesia,IDN,1995,74.5
Indonesia,IDN,1996,74.7
Indonesia,IDN,1997,74.9
Indonesia,IDN,1998,76
Indonesia,IDN,1999,74.5
Indonesia,IDN,2000,75.1
Indonesia,IDN,2001,75.3
Indonesia,IDN,2002,75.5
Indonesia,IDN,2003,74.4
Indonesia,IDN,2004,75.6
Indonesia,IDN,2005,75.3
Indonesia,IDN,2006,74.8
Indonesia,IDN,2007,71.7
Indonesia,IDN,2008,72.2
Indonesia,IDN,2009,73.1
Indonesia,IDN,2010,72.8
Indonesia,IDN,2011,73.4
Indonesia,IDN,2012,75.7
Indonesia,IDN,2013,76.9
Indonesia,IDN,2014,76
Indonesia,IDN,2015,75.3
Indonesia,IDN,2016,73.3
Indonesia,IDN,2017,73
Indonesia,IDN,2018,73
Ireland,IRL,1970,73.1
Ireland,IRL,1971,73
Ireland,IRL,1972,72.1
Ireland,IRL,1973,71.4
Ireland,IRL,1974,70.8
Ireland,IRL,1975,70.3
Ireland,IRL,1976,69.9
Ireland,IRL,1977,69.4
Ireland,IRL,1978,69
Ireland,IRL,1979,68.6
Ireland,IRL,1980,68.2
Ireland,IRL,1981,67.8
Ireland,IRL,1982,67.3
Ireland,IRL,1983,66.8
Ireland,IRL,1984,66.5
Ireland,IRL,1985,66.1
Ireland,IRL,1986,65.2
Ireland,IRL,1987,65.5
Ireland,IRL,1988,64.9
Ireland,IRL,1989,64.4
Ireland,IRL,1990,64
Ireland,IRL,1991,65.2
Ireland,IRL,1992,63.3
Ireland,IRL,1993,64.2
Ireland,IRL,1994,64
Ireland,IRL,1995,63.2
Ireland,IRL,1996,63.4
Ireland,IRL,1997,64.4
Ireland,IRL,1998,64.3
Ireland,IRL,1999,64.5
Ireland,IRL,2000,65.2
Ireland,IRL,2001,65
Ireland,IRL,2002,65.1
Ireland,IRL,2003,64.8
Ireland,IRL,2004,65.3
Ireland,IRL,2005,65.3
Ireland,IRL,2006,65
Ireland,IRL,2007,65.5
Ireland,IRL,2008,64.9
Ireland,IRL,2009,63.1
Ireland,IRL,2010,63
Ireland,IRL,2011,62.9
Ireland,IRL,2012,63.7
Ireland,IRL,2013,64.8
Ireland,IRL,2014,65.5
Ireland,IRL,2015,66.5
Ireland,IRL,2016,66.4
Ireland,IRL,2017,66.1
Ireland,IRL,2018,65.6
Israel,ISR,1990,66.4
Israel,ISR,1991,67.5
Israel,ISR,1992,67.1
Israel,ISR,1993,67.1
Israel,ISR,1994,66.1
Israel,ISR,1995,66
Israel,ISR,1996,65.6
Israel,ISR,1997,65.4
Israel,ISR,1998,65.8
Israel,ISR,1999,66.2
Israel,ISR,2000,66.3
Israel,ISR,2001,66.5
Israel,ISR,2002,66
Israel,ISR,2003,65.4
Israel,ISR,2004,65.1
Israel,ISR,2005,65.4
Israel,ISR,2006,66.4
Israel,ISR,2007,66.3
Israel,ISR,2008,66.1
Israel,ISR,2009,66.7
Israel,ISR,2010,67.6
Israel,ISR,2011,66.9
Israel,ISR,2012,66.9
Israel,ISR,2013,68.4
Israel,ISR,2014,67.8
Israel,ISR,2015,68.2
Israel,ISR,2016,69.3
Israel,ISR,2017,69.9
Israel,ISR,2018,69.4
Italy,ITA,1970,64.9
Italy,ITA,1971,64.8
Italy,ITA,1972,64.5
Italy,ITA,1973,64.2
Italy,ITA,1974,63.5
Italy,ITA,1975,63.4
Italy,ITA,1976,63.3
Italy,ITA,1977,62.1
Italy,ITA,1978,62
Italy,ITA,1979,61.8
Italy,ITA,1980,61.9
Italy,ITA,1981,61.9
Italy,ITA,1982,62.4
Italy,ITA,1983,62.6
Italy,ITA,1984,62.5
Italy,ITA,1985,62.5
Italy,ITA,1986,62
Italy,ITA,1987,62
Italy,ITA,1988,61.8
Italy,ITA,1989,61.6
Italy,ITA,1990,61.7
Italy,ITA,1991,61.7
Italy,ITA,1992,60.7
Italy,ITA,1993,59.8
Italy,ITA,1994,59.6
Italy,ITA,1995,59.1
Italy,ITA,1996,59.4
Italy,ITA,1997,59.5
Italy,ITA,1998,60
Italy,ITA,1999,60.2
Italy,ITA,2000,60.4
Italy,ITA,2001,60.3
Italy,ITA,2002,61.6
Italy,ITA,2003,61.9
Italy,ITA,2004,61.4
Italy,ITA,2005,61.6
Italy,ITA,2006,62
Italy,ITA,2007,61.9
Italy,ITA,2008,60.9
Italy,ITA,2009,61
Italy,ITA,2010,60.6
Italy,ITA,2011,60.9
Italy,ITA,2012,61.2
Italy,ITA,2013,61.4
Italy,ITA,2014,61.4
Italy,ITA,2015,61.8
Italy,ITA,2016,62.1
Italy,ITA,2017,62.4
Italy,ITA,2018,63.3
Japan,JPN,1970,72.8
Japan,JPN,1971,73.1
Japan,JPN,1972,72.5
Japan,JPN,1973,72.7
Japan,JPN,1974,72.3
Japan,JPN,1975,72.2
Japan,JPN,1976,71.5
Japan,JPN,1977,71.3
Japan,JPN,1978,71.1
Japan,JPN,1979,71
Japan,JPN,1980,71
Japan,JPN,1981,70.6
Japan,JPN,1982,70.8
Japan,JPN,1983,70.4
Japan,JPN,1984,70
Japan,JPN,1985,69.8
Japan,JPN,1986,69.9
Japan,JPN,1987,69.8
Japan,JPN,1988,70.2
Japan,JPN,1989,70.2
Japan,JPN,1990,70.6
Japan,JPN,1991,71.1
Japan,JPN,1992,71.2
Japan,JPN,1993,71.4
Japan,JPN,1994,71.2
Japan,JPN,1995,71.1
Japan,JPN,1996,70.9
Japan,JPN,1997,70.6
Japan,JPN,1998,70.2
Japan,JPN,1999,70.3
Japan,JPN,2000,70.1
Japan,JPN,2001,69.7
Japan,JPN,2002,69.8
Japan,JPN,2003,69.7
Japan,JPN,2004,69.5
Japan,JPN,2005,69.4
Japan,JPN,2006,69.4
Japan,JPN,2007,69.5
Japan,JPN,2008,69.6
Japan,JPN,2009,69.7
Japan,JPN,2010,70.1
Japan,JPN,2011,69.4
Japan,JPN,2012,69.2
Japan,JPN,2013,69.2
Japan,JPN,2014,69.3
Japan,JPN,2015,69.4
Japan,JPN,2016,70.1
Japan,JPN,2017,70.6
Japan,JPN,2018,70.8
Latvia,LVA,1994,63.2
Latvia,LVA,1995,62.8
Latvia,LVA,1996,62.4
Latvia,LVA,1997,62.8
Latvia,LVA,1998,63.5
Latvia,LVA,1999,63
Latvia,LVA,2000,62.2
Latvia,LVA,2001,63.6
Latvia,LVA,2002,62.6
Latvia,LVA,2003,61.8
Latvia,LVA,2004,63.8
Latvia,LVA,2005,64.1
Latvia,LVA,2006,62
Latvia,LVA,2007,64.3
Latvia,LVA,2008,64.5
Latvia,LVA,2009,63.8
Latvia,LVA,2010,64.5
Latvia,LVA,2011,65.2
Latvia,LVA,2012,65.1
Latvia,LVA,2013,64.4
Latvia,LVA,2014,63.4
Latvia,LVA,2015,61.9
Latvia,LVA,2016,62
Latvia,LVA,2017,63.4
Latvia,LVA,2018,65.7
Lithuania,LTU,1994,63.1
Lithuania,LTU,1995,62.8
Lithuania,LTU,1996,62.5
Lithuania,LTU,1997,62.2
Lithuania,LTU,1998,62.8
Lithuania,LTU,1999,62
Lithuania,LTU,2000,62.1
Lithuania,LTU,2001,62.1
Lithuania,LTU,2002,63
Lithuania,LTU,2003,64
Lithuania,LTU,2004,64.6
Lithuania,LTU,2005,63.9
Lithuania,LTU,2006,62.9
Lithuania,LTU,2007,61.3
Lithuania,LTU,2008,62.2
Lithuania,LTU,2009,61.3
Lithuania,LTU,2010,62.2
Lithuania,LTU,2011,63.5
Lithuania,LTU,2012,64.2
Lithuania,LTU,2013,64.1
Lithuania,LTU,2014,64
Lithuania,LTU,2015,63.1
Lithuania,LTU,2016,62.4
Lithuania,LTU,2017,63
Lithuania,LTU,2018,64.3
Luxembourg,LUX,1970,65.3
Luxembourg,LUX,1971,64.6
Luxembourg,LUX,1972,63.8
Luxembourg,LUX,1973,63.1
Luxembourg,LUX,1974,62.4
Luxembourg,LUX,1975,61.8
Luxembourg,LUX,1976,61.6
Luxembourg,LUX,1977,61.4
Luxembourg,LUX,1978,61.2
Luxembourg,LUX,1979,61
Luxembourg,LUX,1980,60.8
Luxembourg,LUX,1981,60.6
Luxembourg,LUX,1982,60.3
Luxembourg,LUX,1983,60.1
Luxembourg,LUX,1984,60.2
Luxembourg,LUX,1985,59.8
Luxembourg,LUX,1986,60.3
Luxembourg,LUX,1987,60.6
Luxembourg,LUX,1988,59.6
Luxembourg,LUX,1989,59.5
Luxembourg,LUX,1990,60.3
Luxembourg,LUX,1991,58.7
Luxembourg,LUX,1992,58.1
Luxembourg,LUX,1993,58.8
Luxembourg,LUX,1994,59.2
Luxembourg,LUX,1995,59.3
Luxembourg,LUX,1996,58
Luxembourg,LUX,1997,58.3
Luxembourg,LUX,1998,58.8
Luxembourg,LUX,1999,58.4
Luxembourg,LUX,2000,59.7
Luxembourg,LUX,2001,59.1
Luxembourg,LUX,2002,59.8
Luxembourg,LUX,2003,58.3
Luxembourg,LUX,2004,58.7
Luxembourg,LUX,2005,59.2
Luxembourg,LUX,2006,58.9
Luxembourg,LUX,2007,59.1
Luxembourg,LUX,2008,59.3
Luxembourg,LUX,2009,57.3
Luxembourg,LUX,2010,57.7
Luxembourg,LUX,2011,58
Luxembourg,LUX,2012,57.6
Luxembourg,LUX,2013,59.5
Luxembourg,LUX,2014,62
Luxembourg,LUX,2015,60.3
Luxembourg,LUX,2016,61.2
Luxembourg,LUX,2017,59.7
Luxembourg,LUX,2018,60.5
Malta,MLT,1990,60.6
Malta,MLT,1991,60.7
Malta,MLT,1992,60.8
Malta,MLT,1993,60.9
Malta,MLT,1994,61
Malta,MLT,1995,60.9
Malta,MLT,1996,61.1
Malta,MLT,1997,61.8
Malta,MLT,1998,62
Malta,MLT,1999,62.3
Malta,MLT,2000,62.4
Malta,MLT,2001,61.5
Malta,MLT,2002,60.6
Malta,MLT,2003,60.8
Malta,MLT,2004,60.3
Malta,MLT,2005,59.7
Malta,MLT,2006,59.8
Malta,MLT,2007,61.5
Malta,MLT,2008,60.9
Malta,MLT,2009,60.7
Malta,MLT,2010,61.4
Malta,MLT,2011,61.2
Malta,MLT,2012,60
Malta,MLT,2013,59.5
Malta,MLT,2014,60.3
Malta,MLT,2015,62
Malta,MLT,2016,62.4
Malta,MLT,2017,63.3
Malta,MLT,2018,64.2
Mexico,MEX,1975,79.3
Mexico,MEX,1976,79.2
Mexico,MEX,1977,79
Mexico,MEX,1978,78.9
Mexico,MEX,1979,78.7
Mexico,MEX,1980,78.6
Mexico,MEX,1981,78.5
Mexico,MEX,1982,78.5
Mexico,MEX,1983,78.5
Mexico,MEX,1984,78.5
Mexico,MEX,1985,78.5
Mexico,MEX,1986,78
Mexico,MEX,1987,77.6
Mexico,MEX,1988,77.2
Mexico,MEX,1989,76.8
Mexico,MEX,1990,76.4
Mexico,MEX,1991,76.1
Mexico,MEX,1992,75.6
Mexico,MEX,1993,75
Mexico,MEX,1994,73.4
Mexico,MEX,1995,71.2
Mexico,MEX,1996,71.2
Mexico,MEX,1997,73.1
Mexico,MEX,1998,73.7
Mexico,MEX,1999,73.8
Mexico,MEX,2000,74.5
Mexico,MEX,2001,74
Mexico,MEX,2002,72.8
Mexico,MEX,2003,73
Mexico,MEX,2004,73
Mexico,MEX,2005,73.2
Mexico,MEX,2006,74
Mexico,MEX,2007,72.9
Mexico,MEX,2008,73
Mexico,MEX,2009,72.1
Mexico,MEX,2010,71.4
Mexico,MEX,2011,71.2
Mexico,MEX,2012,71.8
Mexico,MEX,2013,71.9
Mexico,MEX,2014,71.7
Mexico,MEX,2015,71.9
Mexico,MEX,2016,71.7
Mexico,MEX,2017,71.8
Mexico,MEX,2018,71.3
Netherlands,NLD,1970,66.6
Netherlands,NLD,1971,66.2
Netherlands,NLD,1972,65.7
Netherlands,NLD,1973,65.2
Netherlands,NLD,1974,64.6
Netherlands,NLD,1975,64.1
Netherlands,NLD,1976,63.8
Netherlands,NLD,1977,63.7
Netherlands,NLD,1978,63.4
Netherlands,NLD,1979,62.9
Netherlands,NLD,1980,63
Netherlands,NLD,1981,62.4
Netherlands,NLD,1982,62
Netherlands,NLD,1983,61.8
Netherlands,NLD,1984,61.6
Netherlands,NLD,1985,60.9
Netherlands,NLD,1986,60.1
Netherlands,NLD,1987,60.1
Netherlands,NLD,1988,60.4
Netherlands,NLD,1989,60.1
Netherlands,NLD,1990,59.7
Netherlands,NLD,1991,60.5
Netherlands,NLD,1992,60.6
Netherlands,NLD,1993,60.4
Netherlands,NLD,1994,60.4
Netherlands,NLD,1995,61.1
Netherlands,NLD,1996,60.2
Netherlands,NLD,1997,61
Netherlands,NLD,1998,61
Netherlands,NLD,1999,61.1
Netherlands,NLD,2000,60.6
Netherlands,NLD,2001,61
Netherlands,NLD,2002,60.5
Netherlands,NLD,2003,60.8
Netherlands,NLD,2004,60.5
Netherlands,NLD,2005,61.2
Netherlands,NLD,2006,60.9
Netherlands,NLD,2007,61.8
Netherlands,NLD,2008,62.9
Netherlands,NLD,2009,63.1
Netherlands,NLD,2010,62.9
Netherlands,NLD,2011,63.6
Netherlands,NLD,2012,63.6
Netherlands,NLD,2013,63.2
Netherlands,NLD,2014,63.2
Netherlands,NLD,2015,63.7
Netherlands,NLD,2016,63.5
Netherlands,NLD,2017,63.8
Netherlands,NLD,2018,65.2
New Zealand,NZL,1970,69.6
New Zealand,NZL,1971,69.4
New Zealand,NZL,1972,69
New Zealand,NZL,1973,68.6
New Zealand,NZL,1974,68.2
New Zealand,NZL,1975,67.9
New Zealand,NZL,1976,67.6
New Zealand,NZL,1977,67.2
New Zealand,NZL,1978,66.9
New Zealand,NZL,1979,66.6
New Zealand,NZL,1980,66.3
New Zealand,NZL,1981,66
New Zealand,NZL,1982,65.6
New Zealand,NZL,1983,65.1
New Zealand,NZL,1984,64.7
New Zealand,NZL,1985,64.3
New Zealand,NZL,1986,63.8
New Zealand,NZL,1987,63.4
New Zealand,NZL,1988,63.3
New Zealand,NZL,1989,63
New Zealand,NZL,1990,63
New Zealand,NZL,1991,63.4
New Zealand,NZL,1992,63.5
New Zealand,NZL,1993,63.1
New Zealand,NZL,1994,62.8
New Zealand,NZL,1995,63.1
New Zealand,NZL,1996,62.4
New Zealand,NZL,1997,62.2
New Zealand,NZL,1998,63.3
New Zealand,NZL,1999,64.2
New Zealand,NZL,2000,64.3
New Zealand,NZL,2001,64.3
New Zealand,NZL,2002,64.2
New Zealand,NZL,2003,63.6
New Zealand,NZL,2004,64.5
New Zealand,NZL,2005,65.8
New Zealand,NZL,2006,67
New Zealand,NZL,2007,66.6
New Zealand,NZL,2008,66.7
New Zealand,NZL,2009,67.1
New Zealand,NZL,2010,65.9
New Zealand,NZL,2011,66
New Zealand,NZL,2012,66.8
New Zealand,NZL,2013,67.1
New Zealand,NZL,2014,67.2
New Zealand,NZL,2015,67.4
New Zealand,NZL,2016,68.4
New Zealand,NZL,2017,69.9
New Zealand,NZL,2018,69.8
Norway,NOR,1970,67.6
Norway,NOR,1971,67.4
Norway,NOR,1972,67.3
Norway,NOR,1973,67.6
Norway,NOR,1974,67.2
Norway,NOR,1975,66.8
Norway,NOR,1976,67.4
Norway,NOR,1977,67.5
Norway,NOR,1978,67
Norway,NOR,1979,66.9
Norway,NOR,1980,67.2
Norway,NOR,1981,66.7
Norway,NOR,1982,67.4
Norway,NOR,1983,67.2
Norway,NOR,1984,67
Norway,NOR,1985,66.9
Norway,NOR,1986,65.7
Norway,NOR,1987,64.4
Norway,NOR,1988,63.8
Norway,NOR,1989,63.3
Norway,NOR,1990,63.3
Norway,NOR,1991,63.7
Norway,NOR,1992,63.3
Norway,NOR,1993,63.9
Norway,NOR,1994,64.1
Norway,NOR,1995,64.6
Norway,NOR,1996,64.6
Norway,NOR,1997,64.9
Norway,NOR,1998,65.3
Norway,NOR,1999,64.6
Norway,NOR,2000,64
Norway,NOR,2001,63.8
Norway,NOR,2002,63
Norway,NOR,2003,62.8
Norway,NOR,2004,62.7
Norway,NOR,2005,63.3
Norway,NOR,2006,63.9
Norway,NOR,2007,64.2
Norway,NOR,2008,65.3
Norway,NOR,2009,64.8
Norway,NOR,2010,64.1
Norway,NOR,2011,64.2
Norway,NOR,2012,64.8
Norway,NOR,2013,64.1
Norway,NOR,2014,65.2
Norway,NOR,2015,65.4
Norway,NOR,2016,66.2
Norway,NOR,2017,65.3
Norway,NOR,2018,66.1
OECD average,,1970,68.8
OECD average,,1971,68.5
OECD average,,1972,68.2
OECD average,,1973,67.9
OECD average,,1974,67.6
OECD average,,1975,67.4
OECD average,,1976,67.1
OECD average,,1977,66.9
OECD average,,1978,66.6
OECD average,,1979,66.3
OECD average,,1980,66.2
OECD average,,1981,65.8
OECD average,,1982,65.4
OECD average,,1983,65.2
OECD average,,1984,64.9
OECD average,,1985,64.7
OECD average,,1986,64.5
OECD average,,1987,64.4
OECD average,,1988,64.2
OECD average,,1989,64.3
OECD average,,1990,64.2
OECD average,,1991,64.2
OECD average,,1992,63.9
OECD average,,1993,63.8
OECD average,,1994,63.6
OECD average,,1995,63.4
OECD average,,1996,63.2
OECD average,,1997,63.2
OECD average,,1998,63.2
OECD average,,1999,63.2
OECD average,,2000,63.1
OECD average,,2001,63.1
OECD average,,2002,63.2
OECD average,,2003,63.1
OECD average,,2004,63.1
OECD average,,2005,63.5
OECD average,,2006,63.6
OECD average,,2007,63.7
OECD average,,2008,63.9
OECD average,,2009,63.9
OECD average,,2010,63.9
OECD average,,2011,63.9
OECD average,,2012,64.2
OECD average,,2013,64.3
OECD average,,2014,64.6
OECD average,,2015,64.7
OECD average,,2016,65
OECD average,,2017,65.3
OECD average,,2018,65.4
Poland,POL,1970,73.6
Poland,POL,1971,72.6
Poland,POL,1972,71.8
Poland,POL,1973,71.1
Poland,POL,1974,70.7
Poland,POL,1975,70.3
Poland,POL,1976,69.8
Poland,POL,1977,69.4
Poland,POL,1978,68.9
Poland,POL,1979,68.5
Poland,POL,1980,68
Poland,POL,1981,67.5
Poland,POL,1982,67
Poland,POL,1983,66.6
Poland,POL,1984,66.6
Poland,POL,1985,66.5
Poland,POL,1986,66.5
Poland,POL,1987,66.5
Poland,POL,1988,66.4
Poland,POL,1989,66.2
Poland,POL,1990,66.2
Poland,POL,1991,66.2
Poland,POL,1992,66.1
Poland,POL,1993,66.3
Poland,POL,1994,65
Poland,POL,1995,63.9
Poland,POL,1996,63.1
Poland,POL,1997,62.2
Poland,POL,1998,62.1
Poland,POL,1999,62.4
Poland,POL,2000,61.6
Poland,POL,2001,61.3
Poland,POL,2002,61.2
Poland,POL,2003,61.4
Poland,POL,2004,61.1
Poland,POL,2005,61.5
Poland,POL,2006,61.3
Poland,POL,2007,61.3
Poland,POL,2008,61.2
Poland,POL,2009,61.7
Poland,POL,2010,61.5
Poland,POL,2011,61.5
Poland,POL,2012,62.1
Poland,POL,2013,62
Poland,POL,2014,62.2
Poland,POL,2015,62.4
Poland,POL,2016,62.6
Poland,POL,2017,62.7
Poland,POL,2018,62.8
Portugal,PRT,1970,73.1
Portugal,PRT,1971,73
Portugal,PRT,1972,72.9
Portugal,PRT,1973,72.8
Portugal,PRT,1974,72.7
Portugal,PRT,1975,71.5
Portugal,PRT,1976,71.1
Portugal,PRT,1977,70.3
Portugal,PRT,1978,69
Portugal,PRT,1979,68.7
Portugal,PRT,1980,68.5
Portugal,PRT,1981,67.5
Portugal,PRT,1982,67.5
Portugal,PRT,1983,67.3
Portugal,PRT,1984,66.3
Portugal,PRT,1985,66.4
Portugal,PRT,1986,65.9
Portugal,PRT,1987,65.4
Portugal,PRT,1988,66.8
Portugal,PRT,1989,66.4
Portugal,PRT,1990,65.8
Portugal,PRT,1991,64
Portugal,PRT,1992,64.6
Portugal,PRT,1993,64.5
Portugal,PRT,1994,63.9
Portugal,PRT,1995,63.6
Portugal,PRT,1996,64.3
Portugal,PRT,1997,62.9
Portugal,PRT,1998,63.8
Portugal,PRT,1999,63.7
Portugal,PRT,2000,63.5
Portugal,PRT,2001,63.8
Portugal,PRT,2002,64.5
Portugal,PRT,2003,64.3
Portugal,PRT,2004,65.3
Portugal,PRT,2005,66.3
Portugal,PRT,2006,66.3
Portugal,PRT,2007,67
Portugal,PRT,2008,66.6
Portugal,PRT,2009,67.1
Portugal,PRT,2010,66.5
Portugal,PRT,2011,66.2
Portugal,PRT,2012,66.4
Portugal,PRT,2013,66.9
Portugal,PRT,2014,67
Portugal,PRT,2015,67.7
Portugal,PRT,2016,69
Portugal,PRT,2017,69.6
Portugal,PRT,2018,68.5
Romania,ROU,1970,69.1
Romania,ROU,1971,68.8
Romania,ROU,1972,68.4
Romania,ROU,1973,68.1
Romania,ROU,1974,67.8
Romania,ROU,1975,67.5
Romania,ROU,1976,67.1
Romania,ROU,1977,66.8
Romania,ROU,1978,66.3
Romania,ROU,1979,65.7
Romania,ROU,1980,65.2
Romania,ROU,1981,64.6
Romania,ROU,1982,64
Romania,ROU,1983,63.8
Romania,ROU,1984,63.7
Romania,ROU,1985,63.6
Romania,ROU,1986,63.4
Romania,ROU,1987,63.3
Romania,ROU,1988,63.1
Romania,ROU,1989,63
Romania,ROU,1990,62.9
Romania,ROU,1991,62.7
Romania,ROU,1992,62.6
Romania,ROU,1993,61.3
Romania,ROU,1994,61.1
Romania,ROU,1995,61.3
Romania,ROU,1996,60.7
Romania,ROU,1997,61.2
Romania,ROU,1998,62.5
Romania,ROU,1999,64.2
Romania,ROU,2000,66.7
Romania,ROU,2001,64.8
Romania,ROU,2002,66.1
Romania,ROU,2003,66.9
Romania,ROU,2004,67.9
Romania,ROU,2005,68.4
Romania,ROU,2006,70
Romania,ROU,2007,68.3
Romania,ROU,2008,69.4
Romania,ROU,2009,67.9
Romania,ROU,2010,67.5
Romania,ROU,2011,64.8
Romania,ROU,2012,68.2
Romania,ROU,2013,68.2
Romania,ROU,2014,67.9
Romania,ROU,2015,66.5
Romania,ROU,2016,68.1
Romania,ROU,2017,68.2
Romania,ROU,2018,68.8
Russia,RUS,1994,61.9
Russia,RUS,1995,61.7
Russia,RUS,1996,61.7
Russia,RUS,1997,61.5
Russia,RUS,1998,61.1
Russia,RUS,1999,60.3
Russia,RUS,2000,60.8
Russia,RUS,2001,60.5
Russia,RUS,2002,60.7
Russia,RUS,2003,61
Russia,RUS,2004,62.5
Russia,RUS,2005,62.3
Russia,RUS,2006,62.1
Russia,RUS,2007,63.1
Russia,RUS,2008,63.3
Russia,RUS,2009,63.3
Russia,RUS,2010,63.5
Russia,RUS,2011,63.3
Russia,RUS,2012,63.4
Russia,RUS,2013,63
Russia,RUS,2014,63.1
Russia,RUS,2015,62.9
Russia,RUS,2016,63.2
Russia,RUS,2017,62.9
Russia,RUS,2018,63.2
Saudi Arabia,SAU,1997,67.3
Saudi Arabia,SAU,1998,67.2
Saudi Arabia,SAU,1999,67.2
Saudi Arabia,SAU,2000,74
Saudi Arabia,SAU,2001,72.6
Saudi Arabia,SAU,2002,70.7
Saudi Arabia,SAU,2003,68.9
Saudi Arabia,SAU,2004,68
Saudi Arabia,SAU,2005,67.6
Saudi Arabia,SAU,2006,67.2
Saudi Arabia,SAU,2007,66.3
Saudi Arabia,SAU,2008,66.5
Saudi Arabia,SAU,2009,67.2
Saudi Arabia,SAU,2010,67.2
Saudi Arabia,SAU,2011,67.7
Saudi Arabia,SAU,2012,69.3
Saudi Arabia,SAU,2013,71.8
Saudi Arabia,SAU,2014,68.7
Saudi Arabia,SAU,2015,69.9
Saudi Arabia,SAU,2016,68.6
Saudi Arabia,SAU,2017,67.6
Slovakia,SVK,1996,60.3
Slovakia,SVK,1997,59.9
Slovakia,SVK,1998,59.7
Slovakia,SVK,1999,59.4
Slovakia,SVK,2000,59.3
Slovakia,SVK,2001,59.7
Slovakia,SVK,2002,59.4
Slovakia,SVK,2003,59.8
Slovakia,SVK,2004,59.7
Slovakia,SVK,2005,59.3
Slovakia,SVK,2006,59.2
Slovakia,SVK,2007,59.3
Slovakia,SVK,2008,59.2
Slovakia,SVK,2009,59.8
Slovakia,SVK,2010,60
Slovakia,SVK,2011,60.5
Slovakia,SVK,2012,60.9
Slovakia,SVK,2013,61.3
Slovakia,SVK,2014,61.1
Slovakia,SVK,2015,60.9
Slovakia,SVK,2016,60.8
Slovakia,SVK,2017,60.7
Slovakia,SVK,2018,61.1
Slovenia,SVN,1996,60.6
Slovenia,SVN,1997,58.4
Slovenia,SVN,1998,58.9
Slovenia,SVN,1999,60.1
Slovenia,SVN,2000,61.1
Slovenia,SVN,2001,60.5
Slovenia,SVN,2002,62.5
Slovenia,SVN,2003,61.8
Slovenia,SVN,2004,61.1
Slovenia,SVN,2005,61.2
Slovenia,SVN,2006,61
Slovenia,SVN,2007,60.5
Slovenia,SVN,2008,61.2
Slovenia,SVN,2009,62
Slovenia,SVN,2010,61.4
Slovenia,SVN,2011,61.7
Slovenia,SVN,2012,62.9
Slovenia,SVN,2013,61.4
Slovenia,SVN,2014,62.3
Slovenia,SVN,2015,62.8
Slovenia,SVN,2016,62.3
Slovenia,SVN,2017,62.3
Slovenia,SVN,2018,63.1
South Africa,ZAF,1975,70.7
South Africa,ZAF,1976,70.6
South Africa,ZAF,1977,70.6
South Africa,ZAF,1978,70.6
South Africa,ZAF,1979,70.6
South Africa,ZAF,1980,70.5
South Africa,ZAF,1981,70.9
South Africa,ZAF,1982,71.3
South Africa,ZAF,1983,71.7
South Africa,ZAF,1984,71.9
South Africa,ZAF,1985,72.1
South Africa,ZAF,1986,71.8
South Africa,ZAF,1987,71.6
South Africa,ZAF,1988,71.3
South Africa,ZAF,1989,71
South Africa,ZAF,1990,70.8
South Africa,ZAF,1991,70.5
South Africa,ZAF,1992,69.2
South Africa,ZAF,1993,67.8
South Africa,ZAF,1994,66.7
South Africa,ZAF,1995,65.9
South Africa,ZAF,1996,65.1
South Africa,ZAF,1997,65.2
South Africa,ZAF,1998,65.4
South Africa,ZAF,1999,65.6
South Africa,ZAF,2000,66.1
South Africa,ZAF,2001,66.2
South Africa,ZAF,2002,66.1
South Africa,ZAF,2003,66.5
South Africa,ZAF,2004,67
South Africa,ZAF,2005,68.4
South Africa,ZAF,2006,68
South Africa,ZAF,2007,66
South Africa,ZAF,2008,66.5
South Africa,ZAF,2009,67.2
South Africa,ZAF,2010,66.1
South Africa,ZAF,2011,64.4
South Africa,ZAF,2012,66.9
South Africa,ZAF,2013,64.1
South Africa,ZAF,2014,61.9
South Africa,ZAF,2015,63
South Africa,ZAF,2016,62.4
South Africa,ZAF,2017,62.6
South Africa,ZAF,2018,63.1
South Korea,KOR,1970,65.7
South Korea,KOR,1971,65.4
South Korea,KOR,1972,66.4
South Korea,KOR,1973,66
South Korea,KOR,1974,65.7
South Korea,KOR,1975,66.2
South Korea,KOR,1976,67.7
South Korea,KOR,1977,68.3
South Korea,KOR,1978,68.5
South Korea,KOR,1979,67.8
South Korea,KOR,1980,68.4
South Korea,KOR,1981,67.5
South Korea,KOR,1982,66.1
South Korea,KOR,1983,65.9
South Korea,KOR,1984,66.3
South Korea,KOR,1985,66.3
South Korea,KOR,1986,66.4
South Korea,KOR,1987,66
South Korea,KOR,1988,67.1
South Korea,KOR,1989,68
South Korea,KOR,1990,69.9
South Korea,KOR,1991,70.6
South Korea,KOR,1992,71.7
South Korea,KOR,1993,70.6
South Korea,KOR,1994,70.9
South Korea,KOR,1995,70.5
South Korea,KOR,1996,69.6
South Korea,KOR,1997,69.5
South Korea,KOR,1998,68.7
South Korea,KOR,1999,67.7
South Korea,KOR,2000,67
South Korea,KOR,2001,67.4
South Korea,KOR,2002,68
South Korea,KOR,2003,68.5
South Korea,KOR,2004,69.8
South Korea,KOR,2005,70.2
South Korea,KOR,2006,70.9
South Korea,KOR,2007,71
South Korea,KOR,2008,70.2
South Korea,KOR,2009,70.2
South Korea,KOR,2010,71
South Korea,KOR,2011,71.4
South Korea,KOR,2012,71.7
South Korea,KOR,2013,72.1
South Korea,KOR,2014,73.3
South Korea,KOR,2015,72.4
South Korea,KOR,2016,72.1
South Korea,KOR,2017,72.9
South Korea,KOR,2018,72.3
Spain,ESP,1970,69.4
Spain,ESP,1971,68.8
Spain,ESP,1972,68.2
Spain,ESP,1973,67.7
Spain,ESP,1974,67.3
Spain,ESP,1975,66.8
Spain,ESP,1976,66.5
Spain,ESP,1977,66.5
Spain,ESP,1978,66.4
Spain,ESP,1979,64.4
Spain,ESP,1980,64.8
Spain,ESP,1981,65.4
Spain,ESP,1982,64.9
Spain,ESP,1983,64.2
Spain,ESP,1984,63.5
Spain,ESP,1985,63.5
Spain,ESP,1986,63.2
Spain,ESP,1987,63.2
Spain,ESP,1988,63.2
Spain,ESP,1989,63.5
Spain,ESP,1990,63.3
Spain,ESP,1991,62.7
Spain,ESP,1992,61.5
Spain,ESP,1993,61.3
Spain,ESP,1994,61.2
Spain,ESP,1995,60.8
Spain,ESP,1996,60.9
Spain,ESP,1997,61.4
Spain,ESP,1998,61.4
Spain,ESP,1999,61.4
Spain,ESP,2000,61.6
Spain,ESP,2001,61.7
Spain,ESP,2002,61.3
Spain,ESP,2003,61.3
Spain,ESP,2004,61.1
Spain,ESP,2005,60.9
Spain,ESP,2006,61.2
Spain,ESP,2007,61.4
Spain,ESP,2008,61.6
Spain,ESP,2009,61.7
Spain,ESP,2010,62.3
Spain,ESP,2011,62.3
Spain,ESP,2012,62.3
Spain,ESP,2013,62.2
Spain,ESP,2014,62.2
Spain,ESP,2015,62.2
Spain,ESP,2016,62.2
Spain,ESP,2017,62.2
Spain,ESP,2018,62.1
Sweden,SWE,1970,67.9
Sweden,SWE,1971,67.1
Sweden,SWE,1972,66.8
Sweden,SWE,1973,66.8
Sweden,SWE,1974,66.6
Sweden,SWE,1975,66.1
Sweden,SWE,1976,66.2
Sweden,SWE,1977,66.2
Sweden,SWE,1978,65.7
Sweden,SWE,1979,65.8
Sweden,SWE,1980,65.3
Sweden,SWE,1981,64.2
Sweden,SWE,1982,63.9
Sweden,SWE,1983,64.5
Sweden,SWE,1984,64
Sweden,SWE,1985,64.2
Sweden,SWE,1986,64.6
Sweden,SWE,1987,64.4
Sweden,SWE,1988,63.4
Sweden,SWE,1989,63.7
Sweden,SWE,1990,64.3
Sweden,SWE,1991,64
Sweden,SWE,1992,63.6
Sweden,SWE,1993,63.9
Sweden,SWE,1994,63.4
Sweden,SWE,1995,62.8
Sweden,SWE,1996,63.8
Sweden,SWE,1997,63.7
Sweden,SWE,1998,64
Sweden,SWE,1999,64.5
Sweden,SWE,2000,63.7
Sweden,SWE,2001,63.5
Sweden,SWE,2002,63.6
Sweden,SWE,2003,64
Sweden,SWE,2004,63.6
Sweden,SWE,2005,65.1
Sweden,SWE,2006,64.6
Sweden,SWE,2007,65.5
Sweden,SWE,2008,65.8
Sweden,SWE,2009,66.1
Sweden,SWE,2010,65.4
Sweden,SWE,2011,66.1
Sweden,SWE,2012,66.1
Sweden,SWE,2013,65.9
Sweden,SWE,2014,65.2
Sweden,SWE,2015,65.7
Sweden,SWE,2016,65.8
Sweden,SWE,2017,66
Sweden,SWE,2018,66.4
Switzerland,CHE,1970,71.9
Switzerland,CHE,1971,71.6
Switzerland,CHE,1972,71.3
Switzerland,CHE,1973,71.1
Switzerland,CHE,1974,70.9
Switzerland,CHE,1975,70.6
Switzerland,CHE,1976,70.4
Switzerland,CHE,1977,70.1
Switzerland,CHE,1978,69.9
Switzerland,CHE,1979,69.6
Switzerland,CHE,1980,69.4
Switzerland,CHE,1981,69.1
Switzerland,CHE,1982,68.8
Switzerland,CHE,1983,68.5
Switzerland,CHE,1984,68.2
Switzerland,CHE,1985,67.9
Switzerland,CHE,1986,67.8
Switzerland,CHE,1987,67.6
Switzerland,CHE,1988,67.5
Switzerland,CHE,1989,67.4
Switzerland,CHE,1990,67.3
Switzerland,CHE,1991,67.2
Switzerland,CHE,1992,67.1
Switzerland,CHE,1993,66.8
Switzerland,CHE,1994,66.4
Switzerland,CHE,1995,66.7
Switzerland,CHE,1996,66.9
Switzerland,CHE,1997,65.9
Switzerland,CHE,1998,66.3
Switzerland,CHE,1999,65.9
Switzerland,CHE,2000,65.6
Switzerland,CHE,2001,65.6
Switzerland,CHE,2002,66.4
Switzerland,CHE,2003,64.3
Switzerland,CHE,2004,65.7
Switzerland,CHE,2005,65
Switzerland,CHE,2006,64.5
Switzerland,CHE,2007,64.8
Switzerland,CHE,2008,66.5
Switzerland,CHE,2009,65.5
Switzerland,CHE,2010,65.1
Switzerland,CHE,2011,65.7
Switzerland,CHE,2012,66.1
Switzerland,CHE,2013,65.8
Switzerland,CHE,2014,65.9
Switzerland,CHE,2015,65.7
Switzerland,CHE,2016,66
Switzerland,CHE,2017,65.7
Switzerland,CHE,2018,66.4
Turkey,TUR,1970,68.6
Turkey,TUR,1971,68.7
Turkey,TUR,1972,68.8
Turkey,TUR,1973,69
Turkey,TUR,1974,69.1
Turkey,TUR,1975,69.2
Turkey,TUR,1976,69
Turkey,TUR,1977,68.8
Turkey,TUR,1978,68.6
Turkey,TUR,1979,68.5
Turkey,TUR,1980,68.3
Turkey,TUR,1981,67.4
Turkey,TUR,1982,66.5
Turkey,TUR,1983,65.5
Turkey,TUR,1984,64.4
Turkey,TUR,1985,63.2
Turkey,TUR,1986,63.2
Turkey,TUR,1987,63.2
Turkey,TUR,1988,63.3
Turkey,TUR,1989,63.3
Turkey,TUR,1990,63.8
Turkey,TUR,1991,64.8
Turkey,TUR,1992,64.5
Turkey,TUR,1993,65.1
Turkey,TUR,1994,64.8
Turkey,TUR,1995,63.6
Turkey,TUR,1996,61.7
Turkey,TUR,1997,63.5
Turkey,TUR,1998,60.1
Turkey,TUR,1999,61.3
Turkey,TUR,2000,61.6
Turkey,TUR,2001,61.7
Turkey,TUR,2002,61.6
Turkey,TUR,2003,63.2
Turkey,TUR,2004,63.4
Turkey,TUR,2005,63.9
Turkey,TUR,2006,64.2
Turkey,TUR,2007,63
Turkey,TUR,2008,62.6
Turkey,TUR,2009,63
Turkey,TUR,2010,63.3
Turkey,TUR,2011,63.2
Turkey,TUR,2012,63.1
Turkey,TUR,2013,64
Turkey,TUR,2014,65.2
Turkey,TUR,2015,65.1
Turkey,TUR,2016,66.1
Turkey,TUR,2017,66.5
Turkey,TUR,2018,66.3
United Kingdom,GBR,1970,67.7
United Kingdom,GBR,1971,67.8
United Kingdom,GBR,1972,67.8
United Kingdom,GBR,1973,67.6
United Kingdom,GBR,1974,66.8
United Kingdom,GBR,1975,67.4
United Kingdom,GBR,1976,66.8
United Kingdom,GBR,1977,66.5
United Kingdom,GBR,1978,66.1
United Kingdom,GBR,1979,66.3
United Kingdom,GBR,1980,66
United Kingdom,GBR,1981,65.2
United Kingdom,GBR,1982,64.4
United Kingdom,GBR,1983,63.9
United Kingdom,GBR,1984,63.2
United Kingdom,GBR,1985,62.8
United Kingdom,GBR,1986,63.1
United Kingdom,GBR,1987,62.7
United Kingdom,GBR,1988,62.5
United Kingdom,GBR,1989,62.7
United Kingdom,GBR,1990,62.8
United Kingdom,GBR,1991,62.7
United Kingdom,GBR,1992,62.5
United Kingdom,GBR,1993,62.5
United Kingdom,GBR,1994,62.5
United Kingdom,GBR,1995,62
United Kingdom,GBR,1996,62
United Kingdom,GBR,1997,62.3
United Kingdom,GBR,1998,61.7
United Kingdom,GBR,1999,62.4
United Kingdom,GBR,2000,62.5
United Kingdom,GBR,2001,62.6
United Kingdom,GBR,2002,63.1
United Kingdom,GBR,2003,63.6
United Kingdom,GBR,2004,63
United Kingdom,GBR,2005,63.1
United Kingdom,GBR,2006,63.7
United Kingdom,GBR,2007,63.4
United Kingdom,GBR,2008,63.7
United Kingdom,GBR,2009,64.4
United Kingdom,GBR,2010,64.1
United Kingdom,GBR,2011,63.6
United Kingdom,GBR,2012,63.7
United Kingdom,GBR,2013,64.3
United Kingdom,GBR,2014,63.7
United Kingdom,GBR,2015,64.1
United Kingdom,GBR,2016,64.6
United Kingdom,GBR,2017,64.5
United Kingdom,GBR,2018,64.7
United States,USA,1970,68.4
United States,USA,1971,67.8
United States,USA,1972,67.2
United States,USA,1973,67.1
United States,USA,1974,67.1
United States,USA,1975,66.8
United States,USA,1976,66.5
United States,USA,1977,66.4
United States,USA,1978,66.1
United States,USA,1979,66.5
United States,USA,1980,66.4
United States,USA,1981,66.1
United States,USA,1982,66.1
United States,USA,1983,66.2
United States,USA,1984,65.9
United States,USA,1985,65.9
United States,USA,1986,65.8
United States,USA,1987,65.5
United States,USA,1988,65.3
United States,USA,1989,64.9
United States,USA,1990,64.7
United States,USA,1991,64.6
United States,USA,1992,64.8
United States,USA,1993,64.8
United States,USA,1994,64
United States,USA,1995,64.3
United States,USA,1996,64.5
United States,USA,1997,64.9
United States,USA,1998,64.9
United States,USA,1999,65.2
United States,USA,2000,64.8
United States,USA,2001,64.7
United States,USA,2002,65.1
United States,USA,2003,64.2
United States,USA,2004,64.3
United States,USA,2005,64.6
United States,USA,2006,64.8
United States,USA,2007,64.6
United States,USA,2008,65.4
United States,USA,2009,65.6
United States,USA,2010,65.6
United States,USA,2011,65.3
United States,USA,2012,65
United States,USA,2013,65.3
United States,USA,2014,65.9
United States,USA,2015,66.1
United States,USA,2016,66.8
United States,USA,2017,67.6
United States,USA,2018,67.9